order_id,product_id,quantity,unit_price,discount
1,32,3,1129.0,0.0
1,21,3,907.0,0.05
1,11,2,590.0,0.0
2,12,1,1572.0,0.05
3,33,2,226.0,0.1
3,16,2,1159.0,0.0
3,28,2,1541.0,0.0
4,28,3,1541.0,0.2
4,43,2,589.0,0.05
4,14,3,944.0,0.0
4,26,3,1152.0,0.0
5,29,2,1170.0,0.0
5,37,1,1225.0,0.1
6,43,2,589.0,0.0
6,19,1,528.0,0.0
6,31,2,1152.0,0.2
6,19,1,528.0,0.1
7,8,3,1346.0,0.0
7,47,2,117.0,0.0
7,34,1,1140.0,0.05
7,24,1,968.0,0.0
8,28,1,1541.0,0.2
8,42,2,468.0,0.0
8,8,3,1346.0,0.0
8,20,3,273.0,0.0
8,38,2,110.0,0.0
9,3,2,1619.0,0.0
9,12,1,1572.0,0.05
9,25,3,1717.0,0.0
9,25,1,1717.0,0.1
9,13,3,1133.0,0.05
10,31,1,1152.0,0.0
10,38,2,110.0,0.0
10,47,3,117.0,0.0
10,27,3,204.0,0.1
11,7,3,1571.0,0.0
11,30,2,1287.0,0.05
11,26,1,1152.0,0.0
12,1,2,1673.0,0.0
13,23,2,1326.0,0.05
13,16,2,1159.0,0.0
13,1,1,1673.0,0.05
13,36,3,642.0,0.05
14,33,3,226.0,0.1
14,15,3,1035.0,0.1
14,24,3,968.0,0.0
14,26,3,1152.0,0.0
15,49,1,1652.0,0.0
15,50,3,163.0,0.1
15,37,2,1225.0,0.0
16,25,3,1717.0,0.0
16,50,1,163.0,0.0
16,49,1,1652.0,0.0
16,40,1,901.0,0.1
16,28,1,1541.0,0.1
17,3,2,1619.0,0.05
17,6,3,1584.0,0.1
17,36,1,642.0,0.1
17,44,2,846.0,0.0
17,41,3,1966.0,0.05
18,48,2,506.0,0.05
19,45,2,1985.0,0.0
19,34,2,1140.0,0.0
19,43,3,589.0,0.0
19,43,3,589.0,0.0
20,44,1,846.0,0.0
20,34,2,1140.0,0.1
20,22,3,1353.0,0.2
20,32,1,1129.0,0.0
20,27,1,204.0,0.05
21,20,2,273.0,0.0
22,5,1,1603.0,0.0
22,28,1,1541.0,0.0
23,22,3,1353.0,0.1
23,48,2,506.0,0.0
23,28,2,1541.0,0.0
24,16,2,1159.0,0.1
24,11,2,590.0,0.05
24,2,1,439.0,0.0
24,15,1,1035.0,0.0
24,18,3,322.0,0.0
25,22,3,1353.0,0.2
25,24,2,968.0,0.1
25,34,3,1140.0,0.1
25,46,2,1714.0,0.05
26,16,3,1159.0,0.05
26,47,2,117.0,0.0
26,47,3,117.0,0.0
26,15,1,1035.0,0.0
27,40,1,901.0,0.0
27,43,1,589.0,0.0
27,39,1,727.0,0.05
28,20,1,273.0,0.0
28,21,1,907.0,0.1
28,6,1,1584.0,0.05
29,28,3,1541.0,0.1
29,27,1,204.0,0.0
29,30,1,1287.0,0.0
30,13,3,1133.0,0.0
30,25,2,1717.0,0.1
31,7,1,1571.0,0.0
31,46,3,1714.0,0.0
32,24,1,968.0,0.05
32,12,2,1572.0,0.1
32,25,1,1717.0,0.1
32,27,2,204.0,0.0
33,13,1,1133.0,0.0
33,46,3,1714.0,0.2
34,16,2,1159.0,0.05
35,32,1,1129.0,0.0
35,44,1,846.0,0.0
35,20,1,273.0,0.0
36,37,3,1225.0,0.1
36,16,1,1159.0,0.0
37,9,3,969.0,0.2
38,28,3,1541.0,0.05
39,21,2,907.0,0.05
39,10,1,1425.0,0.0
39,23,2,1326.0,0.0
39,18,2,322.0,0.1
39,10,1,1425.0,0.05
40,31,1,1152.0,0.0
40,28,3,1541.0,0.1
40,34,3,1140.0,0.1
40,29,3,1170.0,0.0
41,40,2,901.0,0.0
42,33,2,226.0,0.05
42,24,1,968.0,0.2
42,14,1,944.0,0.0
42,46,3,1714.0,0.2
42,13,1,1133.0,0.0
43,19,2,528.0,0.1
43,26,2,1152.0,0.1
43,37,3,1225.0,0.0
43,29,3,1170.0,0.1
44,1,1,1673.0,0.1
45,41,3,1966.0,0.1
45,32,2,1129.0,0.0
46,21,1,907.0,0.2
46,31,2,1152.0,0.0
47,7,1,1571.0,0.05
47,9,1,969.0,0.2
47,17,3,122.0,0.0
47,13,2,1133.0,0.1
48,49,1,1652.0,0.05
48,3,2,1619.0,0.0
49,25,3,1717.0,0.0
49,6,1,1584.0,0.1
49,15,1,1035.0,0.2
49,44,1,846.0,0.2
50,21,1,907.0,0.0
51,38,2,110.0,0.05
51,27,1,204.0,0.0
51,23,1,1326.0,0.1
51,19,2,528.0,0.1
51,37,1,1225.0,0.0
52,3,1,1619.0,0.2
52,21,1,907.0,0.1
52,37,1,1225.0,0.0
52,9,3,969.0,0.0
53,13,3,1133.0,0.1
54,27,2,204.0,0.0
54,17,1,122.0,0.0
55,39,1,727.0,0.0
56,22,2,1353.0,0.0
56,7,1,1571.0,0.0
56,48,3,506.0,0.0
56,48,2,506.0,0.0
56,28,1,1541.0,0.0
57,1,1,1673.0,0.05
57,4,2,64.0,0.0
57,27,2,204.0,0.0
57,42,3,468.0,0.1
57,41,3,1966.0,0.0
58,28,1,1541.0,0.0
58,3,3,1619.0,0.05
59,11,1,590.0,0.0
59,47,1,117.0,0.0
59,32,2,1129.0,0.0
59,50,3,163.0,0.0
59,4,3,64.0,0.0
60,8,3,1346.0,0.0
60,21,3,907.0,0.0
61,24,2,968.0,0.0
62,43,2,589.0,0.0
62,3,1,1619.0,0.1
62,45,1,1985.0,0.05
62,50,3,163.0,0.0
62,33,2,226.0,0.0
63,45,2,1985.0,0.1
63,30,2,1287.0,0.2
63,17,2,122.0,0.05
64,23,1,1326.0,0.0
64,7,1,1571.0,0.05
64,34,3,1140.0,0.0
65,9,3,969.0,0.1
66,44,1,846.0,0.0
67,46,3,1714.0,0.05
67,11,2,590.0,0.2
67,36,2,642.0,0.0
67,31,1,1152.0,0.0
67,32,3,1129.0,0.0
68,27,2,204.0,0.1
69,43,3,589.0,0.0
69,43,2,589.0,0.0
69,23,2,1326.0,0.0
69,41,1,1966.0,0.2
69,48,3,506.0,0.1
70,39,1,727.0,0.0
70,39,2,727.0,0.0
70,23,2,1326.0,0.0
70,33,1,226.0,0.05
70,13,2,1133.0,0.0
71,29,1,1170.0,0.0
71,2,2,439.0,0.1
71,7,3,1571.0,0.0
71,35,3,1600.0,0.0
71,6,2,1584.0,0.2
72,22,2,1353.0,0.2
73,7,2,1571.0,0.0
73,40,2,901.0,0.05
73,45,2,1985.0,0.1
73,6,2,1584.0,0.0
73,9,2,969.0,0.05
74,1,3,1673.0,0.2
74,2,2,439.0,0.0
74,35,3,1600.0,0.2
74,17,1,122.0,0.0
75,34,3,1140.0,0.1
75,18,3,322.0,0.1
76,38,3,110.0,0.0
76,41,1,1966.0,0.0
77,17,1,122.0,0.05
78,1,1,1673.0,0.1
78,22,1,1353.0,0.05
79,2,1,439.0,0.1
80,3,1,1619.0,0.0
80,28,3,1541.0,0.0
80,17,3,122.0,0.05
80,27,3,204.0,0.0
80,16,2,1159.0,0.0
81,38,1,110.0,0.0
82,20,3,273.0,0.0
83,46,2,1714.0,0.1
83,48,3,506.0,0.1
83,23,1,1326.0,0.0
84,1,2,1673.0,0.05
84,20,3,273.0,0.1
84,24,1,968.0,0.0
84,47,2,117.0,0.0
85,38,1,110.0,0.05
85,42,1,468.0,0.0
86,29,2,1170.0,0.0
86,34,2,1140.0,0.0
86,1,2,1673.0,0.05
87,24,3,968.0,0.2
88,24,2,968.0,0.0
88,16,3,1159.0,0.0
89,22,2,1353.0,0.0
90,18,2,322.0,0.0
90,27,2,204.0,0.0
91,2,3,439.0,0.0
91,38,1,110.0,0.0
91,23,2,1326.0,0.0
91,10,3,1425.0,0.1
91,6,3,1584.0,0.05
92,21,1,907.0,0.2
92,17,1,122.0,0.1
93,17,2,122.0,0.0
93,15,3,1035.0,0.0
93,41,2,1966.0,0.05
93,24,1,968.0,0.0
93,11,1,590.0,0.0
94,18,3,322.0,0.0
94,21,3,907.0,0.2
94,32,3,1129.0,0.0
95,29,2,1170.0,0.05
95,24,2,968.0,0.0
95,28,3,1541.0,0.0
95,18,2,322.0,0.0
95,5,2,1603.0,0.0
96,38,3,110.0,0.0
96,27,3,204.0,0.2
96,10,2,1425.0,0.05
97,20,1,273.0,0.05
97,47,3,117.0,0.0
97,1,3,1673.0,0.05
97,35,1,1600.0,0.1
97,2,1,439.0,0.0
98,29,3,1170.0,0.0
99,3,1,1619.0,0.0
99,22,3,1353.0,0.0
99,11,2,590.0,0.2
100,10,3,1425.0,0.1
100,30,2,1287.0,0.0
100,19,2,528.0,0.0
100,41,1,1966.0,0.2
100,29,3,1170.0,0.0
101,7,1,1571.0,0.1
101,12,3,1572.0,0.0
101,36,1,642.0,0.1
102,24,2,968.0,0.0
102,35,2,1600.0,0.0
102,34,3,1140.0,0.0
103,11,2,590.0,0.0
103,7,2,1571.0,0.0
103,18,2,322.0,0.0
103,48,1,506.0,0.2
103,41,1,1966.0,0.05
104,18,2,322.0,0.0
104,19,1,528.0,0.05
104,19,3,528.0,0.2
104,34,1,1140.0,0.1
105,3,1,1619.0,0.1
105,47,3,117.0,0.0
106,46,3,1714.0,0.0
107,9,3,969.0,0.0
108,49,1,1652.0,0.1
109,7,3,1571.0,0.1
109,19,3,528.0,0.0
109,47,3,117.0,0.05
109,20,2,273.0,0.1
109,11,3,590.0,0.1
110,14,2,944.0,0.0
110,6,1,1584.0,0.0
111,47,3,117.0,0.0
112,15,3,1035.0,0.0
112,20,2,273.0,0.2
113,18,1,322.0,0.0
114,46,1,1714.0,0.05
114,27,3,204.0,0.1
115,32,3,1129.0,0.0
115,6,1,1584.0,0.0
115,21,2,907.0,0.2
115,43,2,589.0,0.1
115,7,2,1571.0,0.0
116,34,1,1140.0,0.0
117,47,3,117.0,0.0
117,10,2,1425.0,0.05
117,25,1,1717.0,0.0
117,26,1,1152.0,0.0
118,49,1,1652.0,0.05
118,13,1,1133.0,0.05
118,31,1,1152.0,0.2
119,4,3,64.0,0.05
119,42,3,468.0,0.0
119,40,2,901.0,0.1
119,32,3,1129.0,0.0
120,47,3,117.0,0.0
120,30,2,1287.0,0.1
120,19,2,528.0,0.1
120,25,2,1717.0,0.0
121,19,2,528.0,0.1
122,6,1,1584.0,0.0
122,48,1,506.0,0.0
122,10,1,1425.0,0.1
123,9,3,969.0,0.0
123,18,3,322.0,0.0
123,8,1,1346.0,0.0
123,16,3,1159.0,0.1
123,28,1,1541.0,0.0
124,6,3,1584.0,0.0
124,22,3,1353.0,0.0
124,17,2,122.0,0.0
124,12,2,1572.0,0.0
125,10,1,1425.0,0.0
125,1,2,1673.0,0.0
126,39,1,727.0,0.0
126,47,2,117.0,0.1
126,33,2,226.0,0.05
127,26,3,1152.0,0.0
127,39,1,727.0,0.0
127,30,2,1287.0,0.0
127,25,2,1717.0,0.05
127,39,2,727.0,0.1
128,4,3,64.0,0.2
128,34,3,1140.0,0.1
128,9,1,969.0,0.0
128,38,1,110.0,0.05
129,28,2,1541.0,0.0
129,15,1,1035.0,0.0
129,10,2,1425.0,0.0
129,48,1,506.0,0.05
129,42,3,468.0,0.0
130,47,3,117.0,0.0
130,15,3,1035.0,0.1
131,49,2,1652.0,0.0
131,14,3,944.0,0.0
132,19,3,528.0,0.0
132,42,3,468.0,0.05
132,1,2,1673.0,0.0
133,37,3,1225.0,0.0
133,8,2,1346.0,0.1
133,8,2,1346.0,0.0
134,27,2,204.0,0.05
134,7,3,1571.0,0.0
134,33,2,226.0,0.2
134,4,1,64.0,0.1
134,5,3,1603.0,0.0
135,10,2,1425.0,0.0
136,41,2,1966.0,0.0
136,14,1,944.0,0.0
136,13,1,1133.0,0.0
137,32,2,1129.0,0.0
137,5,1,1603.0,0.05
137,22,3,1353.0,0.0
137,20,3,273.0,0.1
137,13,3,1133.0,0.0
138,5,2,1603.0,0.1
138,31,1,1152.0,0.1
139,23,1,1326.0,0.05
139,44,3,846.0,0.1
139,38,1,110.0,0.0
139,38,2,110.0,0.0
139,6,1,1584.0,0.05
140,40,3,901.0,0.0
140,46,3,1714.0,0.05
140,37,1,1225.0,0.0
140,27,2,204.0,0.2
140,40,1,901.0,0.2
141,18,2,322.0,0.0
141,4,3,64.0,0.0
142,26,3,1152.0,0.0
142,31,3,1152.0,0.1
143,17,1,122.0,0.05
143,31,3,1152.0,0.0
144,29,2,1170.0,0.0
144,25,2,1717.0,0.1
145,21,3,907.0,0.0
145,18,3,322.0,0.0
146,45,1,1985.0,0.05
146,11,2,590.0,0.0
146,39,3,727.0,0.0
146,12,2,1572.0,0.1
147,47,2,117.0,0.0
147,7,2,1571.0,0.05
147,16,1,1159.0,0.1
147,42,3,468.0,0.0
148,9,3,969.0,0.2
148,42,1,468.0,0.0
148,15,1,1035.0,0.0
148,10,1,1425.0,0.0
148,4,3,64.0,0.0
149,30,1,1287.0,0.05
149,39,2,727.0,0.05
149,45,2,1985.0,0.1
149,27,2,204.0,0.0
150,22,3,1353.0,0.0
151,43,3,589.0,0.05
151,17,2,122.0,0.0
151,43,3,589.0,0.0
151,39,3,727.0,0.05
152,29,1,1170.0,0.05
152,15,1,1035.0,0.05
152,32,1,1129.0,0.0
152,32,1,1129.0,0.05
152,35,2,1600.0,0.0
153,5,3,1603.0,0.0
153,12,3,1572.0,0.0
153,38,3,110.0,0.05
154,28,2,1541.0,0.05
154,37,3,1225.0,0.0
154,48,2,506.0,0.05
155,26,3,1152.0,0.2
155,25,2,1717.0,0.0
155,25,3,1717.0,0.0
156,5,2,1603.0,0.0
157,36,1,642.0,0.05
157,49,1,1652.0,0.2
157,49,1,1652.0,0.05
157,10,1,1425.0,0.05
158,12,1,1572.0,0.05
159,18,3,322.0,0.0
159,37,1,1225.0,0.0
159,35,1,1600.0,0.05
159,38,3,110.0,0.2
159,6,2,1584.0,0.05
160,19,2,528.0,0.1
160,12,1,1572.0,0.0
161,46,2,1714.0,0.0
161,40,1,901.0,0.05
161,17,1,122.0,0.05
161,29,2,1170.0,0.0
161,32,3,1129.0,0.0
162,22,1,1353.0,0.1
163,50,2,163.0,0.0
163,49,1,1652.0,0.0
163,13,2,1133.0,0.0
163,35,1,1600.0,0.0
164,43,1,589.0,0.05
165,20,1,273.0,0.1
165,32,3,1129.0,0.0
165,28,1,1541.0,0.2
166,11,3,590.0,0.1
166,33,1,226.0,0.2
166,30,3,1287.0,0.0
166,25,3,1717.0,0.0
166,24,3,968.0,0.0
167,1,1,1673.0,0.05
167,22,1,1353.0,0.1
168,6,3,1584.0,0.05
169,44,1,846.0,0.0
170,42,2,468.0,0.0
171,47,2,117.0,0.0
171,48,3,506.0,0.2
172,10,2,1425.0,0.0
172,4,3,64.0,0.05
172,47,2,117.0,0.0
172,32,2,1129.0,0.0
172,34,3,1140.0,0.0
173,24,3,968.0,0.0
173,26,3,1152.0,0.1
173,49,1,1652.0,0.0
174,30,3,1287.0,0.1
174,5,1,1603.0,0.1
174,33,2,226.0,0.1
175,7,1,1571.0,0.05
175,33,3,226.0,0.0
175,23,1,1326.0,0.05
175,43,2,589.0,0.0
175,21,2,907.0,0.1
176,43,3,589.0,0.1
177,13,2,1133.0,0.0
177,18,3,322.0,0.0
177,15,1,1035.0,0.0
177,10,3,1425.0,0.0
177,28,1,1541.0,0.0
178,14,1,944.0,0.0
178,35,2,1600.0,0.0
178,17,2,122.0,0.0
179,17,2,122.0,0.1
179,1,2,1673.0,0.05
179,11,2,590.0,0.0
180,22,3,1353.0,0.1
180,6,3,1584.0,0.0
180,48,3,506.0,0.1
180,31,3,1152.0,0.1
180,15,2,1035.0,0.2
181,23,3,1326.0,0.0
181,28,3,1541.0,0.2
182,6,3,1584.0,0.0
182,1,2,1673.0,0.2
182,15,2,1035.0,0.0
183,14,3,944.0,0.0
183,26,2,1152.0,0.2
183,22,3,1353.0,0.2
183,26,3,1152.0,0.05
183,13,3,1133.0,0.0
184,20,1,273.0,0.2
184,27,1,204.0,0.0
184,10,1,1425.0,0.0
184,2,2,439.0,0.05
184,11,2,590.0,0.05
185,21,2,907.0,0.1
185,24,2,968.0,0.0
186,11,1,590.0,0.0
186,46,3,1714.0,0.0
187,34,3,1140.0,0.0
187,15,3,1035.0,0.2
188,35,3,1600.0,0.0
188,27,1,204.0,0.05
188,42,2,468.0,0.0
188,23,2,1326.0,0.0
189,6,3,1584.0,0.0
189,13,3,1133.0,0.0
189,2,1,439.0,0.0
189,10,2,1425.0,0.0
189,20,2,273.0,0.0
190,15,3,1035.0,0.2
190,18,3,322.0,0.05
191,39,1,727.0,0.1
192,7,3,1571.0,0.1
192,39,1,727.0,0.2
192,25,1,1717.0,0.2
193,7,1,1571.0,0.1
193,37,3,1225.0,0.05
193,26,3,1152.0,0.0
193,38,1,110.0,0.0
194,14,3,944.0,0.0
194,20,1,273.0,0.0
194,44,3,846.0,0.0
195,21,2,907.0,0.05
196,31,2,1152.0,0.0
196,25,3,1717.0,0.0
197,49,2,1652.0,0.0
197,42,3,468.0,0.0
197,27,1,204.0,0.05
198,48,1,506.0,0.05
198,20,3,273.0,0.0
198,17,2,122.0,0.1
198,1,1,1673.0,0.05
198,15,1,1035.0,0.05
199,13,1,1133.0,0.0
199,7,2,1571.0,0.1
199,25,2,1717.0,0.0
199,36,1,642.0,0.2
199,39,2,727.0,0.1
200,45,1,1985.0,0.2
201,35,2,1600.0,0.0
201,16,1,1159.0,0.1
202,4,2,64.0,0.05
202,2,1,439.0,0.05
202,17,2,122.0,0.2
202,5,3,1603.0,0.1
203,47,2,117.0,0.05
203,24,1,968.0,0.0
204,10,1,1425.0,0.0
204,16,2,1159.0,0.0
205,39,1,727.0,0.05
205,19,1,528.0,0.05
205,49,1,1652.0,0.1
205,46,2,1714.0,0.0
205,3,3,1619.0,0.2
206,29,1,1170.0,0.1
206,7,1,1571.0,0.1
206,26,3,1152.0,0.05
207,30,3,1287.0,0.1
207,3,1,1619.0,0.05
207,36,1,642.0,0.1
207,38,2,110.0,0.0
208,36,1,642.0,0.0
208,11,2,590.0,0.1
208,45,1,1985.0,0.0
208,10,1,1425.0,0.1
209,15,3,1035.0,0.1
209,2,2,439.0,0.0
209,3,3,1619.0,0.2
209,37,1,1225.0,0.0
210,5,1,1603.0,0.05
210,29,2,1170.0,0.05
210,32,3,1129.0,0.2
211,10,3,1425.0,0.0
212,42,2,468.0,0.2
212,43,1,589.0,0.0
212,2,2,439.0,0.0
212,15,1,1035.0,0.2
213,22,2,1353.0,0.05
213,8,2,1346.0,0.1
213,16,1,1159.0,0.0
214,29,2,1170.0,0.0
214,4,3,64.0,0.1
214,4,3,64.0,0.1
215,36,3,642.0,0.0
215,16,1,1159.0,0.0
215,28,3,1541.0,0.0
215,24,2,968.0,0.0
215,15,3,1035.0,0.0
216,8,2,1346.0,0.0
216,42,1,468.0,0.1
216,24,1,968.0,0.05
217,19,2,528.0,0.0
218,39,1,727.0,0.0
218,3,1,1619.0,0.1
219,35,3,1600.0,0.0
219,43,2,589.0,0.0
219,8,1,1346.0,0.1
220,4,3,64.0,0.1
221,16,2,1159.0,0.2
222,7,2,1571.0,0.05
222,28,1,1541.0,0.1
222,40,2,901.0,0.1
223,38,1,110.0,0.0
223,27,3,204.0,0.05
223,46,3,1714.0,0.0
224,12,3,1572.0,0.0
224,27,3,204.0,0.0
225,42,1,468.0,0.2
225,47,3,117.0,0.0
225,3,3,1619.0,0.05
225,14,3,944.0,0.1
226,47,3,117.0,0.2
226,3,2,1619.0,0.05
227,50,2,163.0,0.0
227,9,3,969.0,0.0
228,25,2,1717.0,0.05
229,37,1,1225.0,0.1
229,33,3,226.0,0.05
229,32,1,1129.0,0.0
229,31,1,1152.0,0.05
230,5,2,1603.0,0.0
230,30,1,1287.0,0.1
231,17,3,122.0,0.1
231,23,1,1326.0,0.05
232,40,1,901.0,0.0
233,26,3,1152.0,0.0
233,12,1,1572.0,0.1
234,41,2,1966.0,0.05
234,6,3,1584.0,0.0
234,48,1,506.0,0.2
234,3,3,1619.0,0.05
234,45,3,1985.0,0.0
235,2,2,439.0,0.2
236,43,1,589.0,0.2
236,33,3,226.0,0.05
237,44,1,846.0,0.0
237,36,1,642.0,0.1
237,19,1,528.0,0.0
238,9,2,969.0,0.0
238,29,3,1170.0,0.2
239,3,3,1619.0,0.1
239,13,2,1133.0,0.05
239,31,2,1152.0,0.05
239,27,1,204.0,0.2
239,46,2,1714.0,0.1
240,26,1,1152.0,0.0
240,22,3,1353.0,0.05
241,9,2,969.0,0.0
241,16,2,1159.0,0.0
241,28,1,1541.0,0.2
242,2,1,439.0,0.0
242,14,3,944.0,0.05
242,2,2,439.0,0.1
242,34,1,1140.0,0.05
242,26,1,1152.0,0.0
243,5,3,1603.0,0.0
243,33,2,226.0,0.1
243,24,3,968.0,0.05
243,8,2,1346.0,0.05
244,47,2,117.0,0.1
245,31,2,1152.0,0.0
246,43,3,589.0,0.1
246,40,2,901.0,0.0
246,41,1,1966.0,0.2
247,29,3,1170.0,0.0
247,42,3,468.0,0.0
247,36,3,642.0,0.0
247,6,1,1584.0,0.05
247,41,1,1966.0,0.05
248,41,2,1966.0,0.1
248,25,1,1717.0,0.0
248,14,1,944.0,0.1
248,10,2,1425.0,0.2
248,42,2,468.0,0.2
249,29,1,1170.0,0.05
249,22,2,1353.0,0.0
249,18,3,322.0,0.0
249,13,2,1133.0,0.1
249,25,2,1717.0,0.05
250,31,1,1152.0,0.1
250,19,1,528.0,0.1
250,42,3,468.0,0.05
251,45,2,1985.0,0.1
251,37,1,1225.0,0.1
251,34,1,1140.0,0.0
251,50,1,163.0,0.1
251,41,1,1966.0,0.2
252,27,1,204.0,0.0
252,16,3,1159.0,0.0
252,46,2,1714.0,0.0
253,4,3,64.0,0.0
253,29,1,1170.0,0.0
253,31,1,1152.0,0.0
253,20,1,273.0,0.05
254,35,3,1600.0,0.0
254,33,3,226.0,0.1
254,14,1,944.0,0.05
254,34,1,1140.0,0.1
254,19,1,528.0,0.05
255,20,1,273.0,0.2
255,44,2,846.0,0.0
256,20,3,273.0,0.05
256,44,3,846.0,0.0
256,27,3,204.0,0.1
256,41,1,1966.0,0.1
256,24,1,968.0,0.0
257,4,1,64.0,0.0
257,42,1,468.0,0.1
257,49,1,1652.0,0.05
257,27,3,204.0,0.0
257,22,2,1353.0,0.05
258,21,2,907.0,0.1
258,9,3,969.0,0.0
258,40,1,901.0,0.1
258,20,3,273.0,0.0
259,28,1,1541.0,0.0
259,40,1,901.0,0.05
260,16,3,1159.0,0.0
261,9,1,969.0,0.0
261,39,2,727.0,0.0
261,48,1,506.0,0.1
261,27,3,204.0,0.0
262,26,3,1152.0,0.05
262,29,2,1170.0,0.05
262,38,3,110.0,0.0
262,30,1,1287.0,0.0
262,30,3,1287.0,0.0
263,50,1,163.0,0.1
263,9,1,969.0,0.0
263,45,1,1985.0,0.0
263,38,2,110.0,0.05
263,33,1,226.0,0.0
264,32,1,1129.0,0.0
265,27,2,204.0,0.0
265,47,2,117.0,0.0
265,42,2,468.0,0.2
265,37,3,1225.0,0.05
266,34,3,1140.0,0.2
266,39,1,727.0,0.0
266,25,2,1717.0,0.0
267,29,3,1170.0,0.0
267,46,1,1714.0,0.0
268,2,2,439.0,0.05
268,2,2,439.0,0.05
268,15,1,1035.0,0.2
269,31,1,1152.0,0.2
269,49,3,1652.0,0.1
269,3,2,1619.0,0.0
269,42,3,468.0,0.1
270,42,3,468.0,0.05
270,35,3,1600.0,0.0
271,40,2,901.0,0.0
272,19,2,528.0,0.0
272,30,1,1287.0,0.1
273,22,1,1353.0,0.0
273,41,2,1966.0,0.2
274,38,1,110.0,0.0
275,27,1,204.0,0.0
275,42,1,468.0,0.0
276,2,3,439.0,0.0
276,32,1,1129.0,0.0
277,8,2,1346.0,0.05
277,27,1,204.0,0.0
278,17,2,122.0,0.0
278,28,2,1541.0,0.2
279,10,1,1425.0,0.2
280,50,3,163.0,0.2
280,5,2,1603.0,0.05
280,11,2,590.0,0.0
281,50,2,163.0,0.05
281,19,1,528.0,0.0
281,49,2,1652.0,0.05
282,26,2,1152.0,0.05
283,43,3,589.0,0.1
283,2,3,439.0,0.0
284,31,1,1152.0,0.05
284,13,3,1133.0,0.05
284,24,2,968.0,0.05
284,26,2,1152.0,0.0
285,40,2,901.0,0.0
285,36,1,642.0,0.0
285,33,1,226.0,0.2
285,42,1,468.0,0.1
286,21,1,907.0,0.1
286,17,1,122.0,0.1
286,48,3,506.0,0.1
286,8,1,1346.0,0.2
287,35,1,1600.0,0.0
287,17,1,122.0,0.2
288,6,3,1584.0,0.0
288,30,3,1287.0,0.0
288,28,3,1541.0,0.05
288,15,3,1035.0,0.0
288,10,1,1425.0,0.0
289,41,1,1966.0,0.1
289,33,1,226.0,0.1
289,36,1,642.0,0.0
290,10,1,1425.0,0.0
290,25,1,1717.0,0.05
290,47,1,117.0,0.05
290,31,3,1152.0,0.1
291,29,1,1170.0,0.05
291,24,1,968.0,0.2
291,11,3,590.0,0.1
291,5,2,1603.0,0.0
291,30,1,1287.0,0.0
292,6,1,1584.0,0.1
292,4,1,64.0,0.1
292,15,2,1035.0,0.05
293,39,3,727.0,0.0
293,30,1,1287.0,0.0
293,20,2,273.0,0.1
293,30,2,1287.0,0.05
294,14,3,944.0,0.05
294,43,2,589.0,0.1
295,12,1,1572.0,0.1
295,50,3,163.0,0.0
296,19,1,528.0,0.1
296,47,2,117.0,0.1
296,23,1,1326.0,0.0
296,49,1,1652.0,0.2
296,33,3,226.0,0.1
297,2,3,439.0,0.05
297,44,2,846.0,0.05
297,10,1,1425.0,0.0
297,26,1,1152.0,0.05
298,45,1,1985.0,0.0
299,37,1,1225.0,0.0
300,37,1,1225.0,0.2
300,44,2,846.0,0.05
300,17,1,122.0,0.0
301,13,2,1133.0,0.1
302,24,2,968.0,0.05
302,40,3,901.0,0.1
303,49,1,1652.0,0.0
303,24,1,968.0,0.0
304,47,3,117.0,0.0
305,33,1,226.0,0.0
305,34,3,1140.0,0.0
306,13,2,1133.0,0.05
306,36,1,642.0,0.05
306,23,1,1326.0,0.05
306,8,3,1346.0,0.0
307,41,1,1966.0,0.0
307,4,1,64.0,0.0
308,35,3,1600.0,0.0
308,48,1,506.0,0.0
308,46,3,1714.0,0.1
308,3,2,1619.0,0.1
309,19,1,528.0,0.0
310,14,3,944.0,0.05
311,43,1,589.0,0.0
312,10,2,1425.0,0.0
312,17,3,122.0,0.2
313,7,3,1571.0,0.0
313,3,3,1619.0,0.05
313,4,3,64.0,0.0
313,4,1,64.0,0.0
313,41,2,1966.0,0.2
314,24,3,968.0,0.0
314,7,3,1571.0,0.0
314,35,1,1600.0,0.05
314,32,3,1129.0,0.0
314,41,2,1966.0,0.0
315,37,1,1225.0,0.0
315,44,2,846.0,0.0
315,15,2,1035.0,0.05
315,2,2,439.0,0.05
315,35,3,1600.0,0.05
316,29,3,1170.0,0.1
317,27,3,204.0,0.0
317,5,1,1603.0,0.0
317,11,1,590.0,0.0
317,32,2,1129.0,0.1
318,43,3,589.0,0.0
319,17,3,122.0,0.1
320,10,1,1425.0,0.1
320,50,3,163.0,0.0
320,15,2,1035.0,0.0
320,9,2,969.0,0.0
321,9,1,969.0,0.2
321,7,1,1571.0,0.0
321,15,3,1035.0,0.1
322,15,1,1035.0,0.05
322,6,1,1584.0,0.1
322,18,2,322.0,0.0
322,44,1,846.0,0.05
323,2,1,439.0,0.0
323,41,3,1966.0,0.05
323,16,1,1159.0,0.0
323,3,1,1619.0,0.0
324,4,1,64.0,0.0
324,49,3,1652.0,0.2
325,30,1,1287.0,0.1
325,33,2,226.0,0.1
326,8,1,1346.0,0.0
326,32,2,1129.0,0.0
326,2,1,439.0,0.0
327,2,1,439.0,0.0
327,24,2,968.0,0.1
327,37,2,1225.0,0.0
328,38,3,110.0,0.0
328,25,1,1717.0,0.2
329,44,3,846.0,0.1
329,17,1,122.0,0.0
330,4,1,64.0,0.2
330,47,2,117.0,0.05
331,37,3,1225.0,0.0
332,49,2,1652.0,0.1
333,21,1,907.0,0.05
333,43,2,589.0,0.2
333,12,2,1572.0,0.0
333,14,1,944.0,0.0
333,13,1,1133.0,0.05
334,46,2,1714.0,0.0
334,38,3,110.0,0.0
335,34,3,1140.0,0.05
335,40,3,901.0,0.0
335,39,3,727.0,0.0
336,11,2,590.0,0.0
336,29,2,1170.0,0.0
337,9,2,969.0,0.05
337,44,2,846.0,0.0
338,33,2,226.0,0.0
338,7,1,1571.0,0.0
339,26,3,1152.0,0.0
339,22,2,1353.0,0.0
340,7,3,1571.0,0.2
340,34,2,1140.0,0.0
341,48,2,506.0,0.0
341,22,3,1353.0,0.05
341,7,1,1571.0,0.0
341,49,1,1652.0,0.2
341,38,3,110.0,0.0
342,43,1,589.0,0.1
342,23,2,1326.0,0.2
342,3,3,1619.0,0.1
342,21,2,907.0,0.0
343,50,1,163.0,0.05
343,27,1,204.0,0.0
343,31,1,1152.0,0.05
343,4,3,64.0,0.0
344,18,1,322.0,0.0
344,33,2,226.0,0.05
344,8,3,1346.0,0.1
345,37,2,1225.0,0.05
345,46,3,1714.0,0.0
345,38,1,110.0,0.05
345,50,1,163.0,0.0
345,23,1,1326.0,0.05
346,3,3,1619.0,0.1
347,38,1,110.0,0.1
347,17,1,122.0,0.05
347,35,2,1600.0,0.0
347,1,1,1673.0,0.1
348,2,1,439.0,0.0
349,20,1,273.0,0.1
350,16,2,1159.0,0.2
350,16,3,1159.0,0.0
351,19,2,528.0,0.0
351,41,3,1966.0,0.2
351,9,3,969.0,0.05
352,46,2,1714.0,0.05
352,10,3,1425.0,0.05
352,16,3,1159.0,0.0
352,31,2,1152.0,0.05
352,50,1,163.0,0.1
353,12,3,1572.0,0.1
353,18,2,322.0,0.1
353,46,2,1714.0,0.05
353,20,1,273.0,0.05
353,49,3,1652.0,0.05
354,35,2,1600.0,0.2
354,14,2,944.0,0.2
354,36,1,642.0,0.2
354,49,3,1652.0,0.05
355,39,2,727.0,0.1
355,27,3,204.0,0.0
355,6,3,1584.0,0.0
355,26,3,1152.0,0.0
355,6,2,1584.0,0.0
356,2,2,439.0,0.0
357,12,3,1572.0,0.0
357,30,1,1287.0,0.1
357,16,3,1159.0,0.1
357,28,2,1541.0,0.0
358,50,1,163.0,0.1
358,6,2,1584.0,0.05
358,44,1,846.0,0.05
358,18,1,322.0,0.1
358,15,3,1035.0,0.2
359,36,2,642.0,0.2
359,26,3,1152.0,0.2
359,10,1,1425.0,0.1
360,12,1,1572.0,0.1
360,50,1,163.0,0.0
360,45,2,1985.0,0.0
360,30,2,1287.0,0.1
360,22,1,1353.0,0.1
361,37,2,1225.0,0.1
361,46,3,1714.0,0.0
361,20,3,273.0,0.0
362,12,3,1572.0,0.0
362,14,1,944.0,0.2
363,48,1,506.0,0.0
363,22,1,1353.0,0.05
364,26,1,1152.0,0.0
365,33,2,226.0,0.05
365,17,1,122.0,0.05
366,18,1,322.0,0.0
366,15,3,1035.0,0.05
367,42,2,468.0,0.05
368,33,1,226.0,0.0
368,10,3,1425.0,0.05
368,49,3,1652.0,0.05
368,21,1,907.0,0.1
368,4,1,64.0,0.1
369,36,1,642.0,0.1
369,33,1,226.0,0.0
370,20,1,273.0,0.1
370,13,3,1133.0,0.0
371,16,3,1159.0,0.0
371,5,3,1603.0,0.1
371,21,2,907.0,0.0
371,3,3,1619.0,0.1
372,21,2,907.0,0.0
372,11,3,590.0,0.05
373,37,1,1225.0,0.0
373,47,3,117.0,0.1
373,19,1,528.0,0.05
373,15,1,1035.0,0.0
374,22,3,1353.0,0.0
374,25,3,1717.0,0.0
374,5,2,1603.0,0.05
374,48,2,506.0,0.0
374,20,1,273.0,0.0
375,50,2,163.0,0.0
375,30,1,1287.0,0.0
375,2,2,439.0,0.1
375,5,1,1603.0,0.05
376,34,1,1140.0,0.05
377,44,1,846.0,0.2
377,38,2,110.0,0.1
377,38,3,110.0,0.1
377,42,2,468.0,0.2
378,29,2,1170.0,0.1
378,8,2,1346.0,0.1
378,39,3,727.0,0.2
378,31,1,1152.0,0.1
379,46,2,1714.0,0.05
379,29,3,1170.0,0.2
380,40,2,901.0,0.0
380,24,1,968.0,0.1
380,41,2,1966.0,0.0
380,6,3,1584.0,0.0
381,43,1,589.0,0.05
381,38,2,110.0,0.1
382,14,1,944.0,0.2
382,14,1,944.0,0.2
382,9,2,969.0,0.0
383,22,3,1353.0,0.05
384,32,2,1129.0,0.2
384,47,2,117.0,0.1
385,36,2,642.0,0.1
385,4,1,64.0,0.0
385,49,2,1652.0,0.2
386,35,3,1600.0,0.2
386,27,1,204.0,0.0
386,32,3,1129.0,0.0
387,8,1,1346.0,0.05
387,29,2,1170.0,0.1
387,33,2,226.0,0.0
387,21,1,907.0,0.0
387,1,1,1673.0,0.0
388,34,3,1140.0,0.2
388,32,1,1129.0,0.05
388,40,3,901.0,0.05
389,50,2,163.0,0.0
389,8,3,1346.0,0.1
390,28,1,1541.0,0.1
390,19,2,528.0,0.0
390,7,1,1571.0,0.2
391,32,3,1129.0,0.0
391,21,1,907.0,0.0
391,15,3,1035.0,0.0
392,18,3,322.0,0.05
392,26,2,1152.0,0.05
393,36,2,642.0,0.0
393,12,2,1572.0,0.0
393,22,3,1353.0,0.0
393,19,2,528.0,0.0
394,34,3,1140.0,0.0
394,1,2,1673.0,0.0
394,45,3,1985.0,0.0
395,29,1,1170.0,0.05
395,13,3,1133.0,0.0
396,41,1,1966.0,0.2
397,8,1,1346.0,0.0
397,18,3,322.0,0.2
397,24,3,968.0,0.0
397,15,3,1035.0,0.0
397,29,3,1170.0,0.1
398,8,3,1346.0,0.05
398,34,3,1140.0,0.2
398,27,3,204.0,0.0
399,28,1,1541.0,0.0
400,6,2,1584.0,0.05
400,5,3,1603.0,0.1
400,27,2,204.0,0.1
401,44,1,846.0,0.0
401,20,1,273.0,0.05
401,16,3,1159.0,0.05
401,28,3,1541.0,0.0
401,22,3,1353.0,0.0
402,16,2,1159.0,0.05
402,38,3,110.0,0.0
403,26,3,1152.0,0.0
403,2,1,439.0,0.0
404,40,1,901.0,0.0
404,47,1,117.0,0.0
404,17,2,122.0,0.0
405,5,3,1603.0,0.0
405,44,1,846.0,0.2
405,22,2,1353.0,0.1
405,48,1,506.0,0.05
406,34,1,1140.0,0.0
406,17,1,122.0,0.0
406,7,3,1571.0,0.0
406,47,2,117.0,0.0
406,22,2,1353.0,0.0
407,8,3,1346.0,0.0
407,27,2,204.0,0.0
407,4,3,64.0,0.0
408,19,1,528.0,0.0
408,3,2,1619.0,0.0
408,1,2,1673.0,0.0
408,22,1,1353.0,0.0
409,22,3,1353.0,0.0
409,5,1,1603.0,0.0
409,12,3,1572.0,0.0
410,33,3,226.0,0.0
411,27,2,204.0,0.0
411,10,3,1425.0,0.0
412,50,1,163.0,0.2
412,28,1,1541.0,0.05
413,49,1,1652.0,0.1
413,45,1,1985.0,0.0
413,21,1,907.0,0.2
414,35,2,1600.0,0.0
414,33,3,226.0,0.05
414,10,2,1425.0,0.05
414,11,2,590.0,0.0
415,43,2,589.0,0.1
415,19,3,528.0,0.1
415,23,3,1326.0,0.2
415,7,3,1571.0,0.0
415,25,2,1717.0,0.0
416,23,3,1326.0,0.05
416,9,2,969.0,0.0
416,33,3,226.0,0.1
416,10,1,1425.0,0.2
417,36,3,642.0,0.05
417,9,1,969.0,0.1
417,6,2,1584.0,0.05
417,15,3,1035.0,0.0
418,21,3,907.0,0.0
418,9,3,969.0,0.05
418,21,2,907.0,0.0
418,29,3,1170.0,0.0
419,6,1,1584.0,0.05
419,45,3,1985.0,0.05
419,2,2,439.0,0.0
419,34,1,1140.0,0.0
420,10,1,1425.0,0.0
420,11,1,590.0,0.05
420,30,2,1287.0,0.2
421,22,2,1353.0,0.0
421,16,3,1159.0,0.0
421,49,3,1652.0,0.1
421,30,3,1287.0,0.05
422,31,2,1152.0,0.1
422,16,1,1159.0,0.05
422,18,3,322.0,0.0
422,27,2,204.0,0.2
423,22,3,1353.0,0.0
423,3,2,1619.0,0.0
424,37,3,1225.0,0.0
424,32,1,1129.0,0.05
424,26,2,1152.0,0.05
424,2,1,439.0,0.1
425,27,3,204.0,0.0
426,3,1,1619.0,0.05
426,40,2,901.0,0.0
427,22,2,1353.0,0.05
427,24,1,968.0,0.2
428,12,1,1572.0,0.05
428,32,1,1129.0,0.1
428,16,2,1159.0,0.05
429,27,2,204.0,0.2
429,23,1,1326.0,0.2
430,28,2,1541.0,0.2
431,10,3,1425.0,0.0
431,45,3,1985.0,0.0
431,25,3,1717.0,0.1
431,33,1,226.0,0.0
431,9,1,969.0,0.0
432,28,2,1541.0,0.0
432,42,3,468.0,0.0
432,26,1,1152.0,0.0
432,45,3,1985.0,0.0
432,6,1,1584.0,0.0
433,38,1,110.0,0.0
433,10,2,1425.0,0.0
433,23,3,1326.0,0.0
433,35,1,1600.0,0.0
433,23,2,1326.0,0.0
434,10,3,1425.0,0.05
435,17,2,122.0,0.0
435,8,2,1346.0,0.05
435,44,3,846.0,0.05
435,9,2,969.0,0.2
436,20,3,273.0,0.0
436,28,1,1541.0,0.0
436,41,3,1966.0,0.05
436,32,2,1129.0,0.1
437,27,3,204.0,0.0
437,23,3,1326.0,0.0
437,49,1,1652.0,0.1
438,10,2,1425.0,0.1
439,29,2,1170.0,0.2
440,45,2,1985.0,0.1
440,15,3,1035.0,0.05
440,35,1,1600.0,0.1
440,22,2,1353.0,0.1
441,41,3,1966.0,0.0
442,47,3,117.0,0.0
442,30,3,1287.0,0.0
442,49,2,1652.0,0.05
443,8,3,1346.0,0.0
443,46,2,1714.0,0.05
443,50,1,163.0,0.0
443,5,1,1603.0,0.05
443,4,2,64.0,0.0
444,27,1,204.0,0.0
444,35,1,1600.0,0.2
444,36,1,642.0,0.0
444,18,1,322.0,0.05
444,7,1,1571.0,0.2
445,44,3,846.0,0.0
445,40,3,901.0,0.0
445,23,2,1326.0,0.2
446,20,2,273.0,0.05
446,42,1,468.0,0.0
446,31,3,1152.0,0.05
446,11,1,590.0,0.1
447,48,1,506.0,0.2
447,17,1,122.0,0.0
447,2,3,439.0,0.0
447,13,1,1133.0,0.0
447,40,2,901.0,0.1
448,5,1,1603.0,0.1
448,18,3,322.0,0.1
448,23,3,1326.0,0.05
449,4,3,64.0,0.0
449,33,2,226.0,0.05
449,45,3,1985.0,0.0
449,48,3,506.0,0.1
449,25,3,1717.0,0.05
450,50,3,163.0,0.0
450,20,2,273.0,0.05
450,22,1,1353.0,0.0
450,2,1,439.0,0.0
450,21,2,907.0,0.0
451,37,3,1225.0,0.1
451,10,1,1425.0,0.05
451,2,3,439.0,0.0
452,46,2,1714.0,0.0
452,16,3,1159.0,0.05
452,37,2,1225.0,0.1
453,18,2,322.0,0.0
454,39,3,727.0,0.1
454,40,2,901.0,0.0
454,1,3,1673.0,0.05
454,24,2,968.0,0.0
454,46,2,1714.0,0.0
455,36,3,642.0,0.0
456,47,1,117.0,0.0
456,34,2,1140.0,0.0
456,33,1,226.0,0.05
457,19,2,528.0,0.0
457,10,1,1425.0,0.0
458,41,3,1966.0,0.0
458,38,2,110.0,0.05
458,41,3,1966.0,0.0
458,16,1,1159.0,0.0
458,23,1,1326.0,0.0
459,23,3,1326.0,0.0
459,20,1,273.0,0.0
459,28,1,1541.0,0.2
459,43,2,589.0,0.05
459,33,1,226.0,0.0
460,16,1,1159.0,0.1
460,37,2,1225.0,0.0
460,18,1,322.0,0.2
461,9,2,969.0,0.2
461,33,3,226.0,0.2
461,12,3,1572.0,0.05
462,6,2,1584.0,0.05
462,45,1,1985.0,0.1
462,22,3,1353.0,0.0
463,20,3,273.0,0.0
463,17,3,122.0,0.0
464,27,3,204.0,0.2
464,43,3,589.0,0.0
464,6,1,1584.0,0.0
464,18,1,322.0,0.1
464,25,1,1717.0,0.0
465,40,2,901.0,0.0
465,23,2,1326.0,0.0
465,44,1,846.0,0.1
465,7,1,1571.0,0.05
466,7,2,1571.0,0.0
466,6,2,1584.0,0.0
466,22,2,1353.0,0.0
466,39,3,727.0,0.0
466,5,3,1603.0,0.1
467,37,3,1225.0,0.0
468,32,1,1129.0,0.05
468,43,2,589.0,0.05
468,6,1,1584.0,0.05
468,21,3,907.0,0.0
469,2,2,439.0,0.0
470,50,1,163.0,0.1
470,13,2,1133.0,0.0
470,15,2,1035.0,0.0
470,35,2,1600.0,0.0
471,26,3,1152.0,0.0
471,19,3,528.0,0.2
471,50,1,163.0,0.0
471,44,3,846.0,0.0
472,2,2,439.0,0.05
472,28,2,1541.0,0.1
473,22,3,1353.0,0.0
473,16,3,1159.0,0.0
474,34,3,1140.0,0.1
474,38,3,110.0,0.05
474,28,3,1541.0,0.05
474,22,3,1353.0,0.05
475,25,3,1717.0,0.0
475,37,2,1225.0,0.2
475,11,3,590.0,0.0
475,22,3,1353.0,0.0
475,17,2,122.0,0.2
476,19,3,528.0,0.0
476,47,3,117.0,0.0
476,36,1,642.0,0.2
476,8,3,1346.0,0.0
477,17,2,122.0,0.0
477,15,2,1035.0,0.0
477,28,2,1541.0,0.0
477,26,2,1152.0,0.05
477,47,3,117.0,0.0
478,17,2,122.0,0.0
478,10,2,1425.0,0.0
478,14,2,944.0,0.0
478,17,3,122.0,0.0
478,33,3,226.0,0.05
479,28,1,1541.0,0.0
479,1,2,1673.0,0.0
480,46,1,1714.0,0.0
480,11,3,590.0,0.1
480,24,2,968.0,0.0
480,41,3,1966.0,0.0
481,6,1,1584.0,0.05
481,23,1,1326.0,0.05
481,42,3,468.0,0.0
481,9,1,969.0,0.05
481,6,2,1584.0,0.1
482,35,1,1600.0,0.0
482,50,1,163.0,0.0
483,6,2,1584.0,0.0
484,47,1,117.0,0.1
484,17,3,122.0,0.2
484,17,2,122.0,0.0
484,15,2,1035.0,0.1
484,39,3,727.0,0.0
485,43,2,589.0,0.05
485,20,2,273.0,0.0
485,21,1,907.0,0.1
485,27,2,204.0,0.0
486,7,3,1571.0,0.0
486,15,2,1035.0,0.0
487,24,1,968.0,0.05
487,22,3,1353.0,0.05
487,4,1,64.0,0.0
487,22,2,1353.0,0.05
488,28,3,1541.0,0.05
489,36,3,642.0,0.0
489,3,2,1619.0,0.0
490,12,3,1572.0,0.1
490,46,3,1714.0,0.0
490,35,2,1600.0,0.05
490,7,2,1571.0,0.0
491,4,1,64.0,0.0
491,2,2,439.0,0.1
491,31,3,1152.0,0.0
492,41,3,1966.0,0.05
492,24,2,968.0,0.2
492,21,1,907.0,0.2
493,42,2,468.0,0.0
493,34,1,1140.0,0.05
493,5,2,1603.0,0.0
493,28,3,1541.0,0.05
493,13,2,1133.0,0.0
494,22,2,1353.0,0.0
494,5,3,1603.0,0.0
494,33,2,226.0,0.2
495,48,3,506.0,0.0
495,36,3,642.0,0.0
495,7,3,1571.0,0.0
495,41,1,1966.0,0.0
495,47,3,117.0,0.0
496,34,3,1140.0,0.1
496,29,2,1170.0,0.0
496,22,1,1353.0,0.0
497,37,2,1225.0,0.0
497,21,2,907.0,0.05
497,11,3,590.0,0.05
498,1,1,1673.0,0.05
499,36,2,642.0,0.05
499,14,2,944.0,0.0
500,21,3,907.0,0.2
500,40,1,901.0,0.0
500,30,1,1287.0,0.1
500,35,1,1600.0,0.1
500,17,3,122.0,0.0
501,1,3,1673.0,0.0
502,20,1,273.0,0.0
502,16,1,1159.0,0.0
503,37,1,1225.0,0.0
503,41,3,1966.0,0.2
504,31,1,1152.0,0.0
504,41,2,1966.0,0.1
504,15,1,1035.0,0.1
504,43,2,589.0,0.0
505,23,3,1326.0,0.0
505,32,2,1129.0,0.05
506,28,3,1541.0,0.05
506,12,1,1572.0,0.0
507,31,2,1152.0,0.1
507,18,1,322.0,0.0
507,43,1,589.0,0.0
507,35,2,1600.0,0.0
508,14,3,944.0,0.0
508,35,1,1600.0,0.05
508,12,2,1572.0,0.1
509,45,1,1985.0,0.1
509,8,3,1346.0,0.05
510,35,2,1600.0,0.0
510,11,1,590.0,0.0
511,4,3,64.0,0.1
511,6,3,1584.0,0.2
512,14,2,944.0,0.0
512,44,1,846.0,0.0
512,18,2,322.0,0.1
512,25,2,1717.0,0.1
513,14,1,944.0,0.05
513,33,1,226.0,0.0
513,44,3,846.0,0.05
513,27,1,204.0,0.1
514,47,2,117.0,0.1
514,3,2,1619.0,0.1
514,41,2,1966.0,0.05
514,30,1,1287.0,0.1
514,31,1,1152.0,0.2
515,27,1,204.0,0.0
515,34,3,1140.0,0.0
515,36,1,642.0,0.0
515,29,1,1170.0,0.0
515,18,1,322.0,0.0
516,32,2,1129.0,0.0
516,32,1,1129.0,0.1
516,16,3,1159.0,0.0
516,30,1,1287.0,0.0
517,6,3,1584.0,0.0
517,33,1,226.0,0.0
517,13,1,1133.0,0.0
517,31,2,1152.0,0.0
517,11,3,590.0,0.0
518,25,2,1717.0,0.05
518,16,1,1159.0,0.0
518,48,2,506.0,0.0
518,29,2,1170.0,0.0
519,9,3,969.0,0.0
519,3,2,1619.0,0.05
519,39,3,727.0,0.0
519,36,1,642.0,0.05
520,10,1,1425.0,0.05
520,15,3,1035.0,0.05
520,25,3,1717.0,0.2
520,22,2,1353.0,0.1
521,31,3,1152.0,0.0
521,22,3,1353.0,0.0
522,4,1,64.0,0.05
522,16,2,1159.0,0.0
522,19,3,528.0,0.0
522,29,3,1170.0,0.1
522,7,1,1571.0,0.0
523,13,1,1133.0,0.0
523,50,3,163.0,0.0
523,42,2,468.0,0.0
524,39,1,727.0,0.1
524,28,1,1541.0,0.05
524,36,2,642.0,0.05
525,46,1,1714.0,0.0
526,32,1,1129.0,0.0
526,18,1,322.0,0.0
526,26,2,1152.0,0.0
526,18,3,322.0,0.2
526,26,2,1152.0,0.0
527,36,3,642.0,0.05
527,9,2,969.0,0.0
527,21,3,907.0,0.0
527,47,2,117.0,0.0
527,40,3,901.0,0.0
528,18,2,322.0,0.2
528,19,1,528.0,0.05
528,28,3,1541.0,0.1
528,33,3,226.0,0.05
528,44,3,846.0,0.0
529,11,2,590.0,0.0
529,42,1,468.0,0.05
529,35,3,1600.0,0.0
529,22,2,1353.0,0.1
529,17,3,122.0,0.0
530,39,3,727.0,0.05
530,3,3,1619.0,0.0
530,32,1,1129.0,0.05
530,22,3,1353.0,0.0
530,28,2,1541.0,0.0
531,10,1,1425.0,0.0
531,33,1,226.0,0.0
531,18,3,322.0,0.05
531,27,1,204.0,0.0
531,43,1,589.0,0.1
532,38,3,110.0,0.0
532,17,3,122.0,0.1
533,14,1,944.0,0.0
533,33,3,226.0,0.0
533,24,1,968.0,0.0
533,4,2,64.0,0.05
534,49,3,1652.0,0.2
534,26,1,1152.0,0.0
535,15,3,1035.0,0.0
535,45,1,1985.0,0.1
536,3,3,1619.0,0.0
536,9,1,969.0,0.0
536,10,1,1425.0,0.05
536,26,2,1152.0,0.0
536,33,2,226.0,0.05
537,17,1,122.0,0.05
537,23,3,1326.0,0.05
537,38,2,110.0,0.05
537,38,1,110.0,0.05
537,6,3,1584.0,0.2
538,11,2,590.0,0.0
538,35,1,1600.0,0.0
538,15,2,1035.0,0.0
538,33,1,226.0,0.0
539,4,3,64.0,0.0
539,23,1,1326.0,0.2
539,49,1,1652.0,0.0
539,21,1,907.0,0.0
540,25,1,1717.0,0.05
541,40,2,901.0,0.0
541,3,1,1619.0,0.0
541,5,1,1603.0,0.1
542,21,3,907.0,0.05
542,36,3,642.0,0.0
543,14,1,944.0,0.0
543,6,1,1584.0,0.0
543,50,2,163.0,0.05
544,6,3,1584.0,0.0
544,42,2,468.0,0.0
544,4,1,64.0,0.1
545,22,3,1353.0,0.0
545,22,3,1353.0,0.05
546,42,2,468.0,0.0
546,37,1,1225.0,0.1
546,7,3,1571.0,0.0
546,24,3,968.0,0.1
546,30,3,1287.0,0.1
547,29,3,1170.0,0.0
547,36,2,642.0,0.2
547,37,1,1225.0,0.2
547,16,1,1159.0,0.0
547,19,3,528.0,0.1
548,26,2,1152.0,0.0
548,32,2,1129.0,0.1
549,15,3,1035.0,0.0
549,16,1,1159.0,0.0
549,37,2,1225.0,0.05
550,18,2,322.0,0.2
551,15,2,1035.0,0.0
551,22,3,1353.0,0.05
551,18,3,322.0,0.0
551,18,2,322.0,0.2
551,3,1,1619.0,0.0
552,43,3,589.0,0.0
552,18,1,322.0,0.0
552,47,2,117.0,0.2
552,39,2,727.0,0.0
553,23,1,1326.0,0.0
553,15,3,1035.0,0.05
554,14,3,944.0,0.0
554,17,2,122.0,0.05
555,37,3,1225.0,0.05
555,38,3,110.0,0.2
555,11,2,590.0,0.05
555,38,2,110.0,0.2
556,17,2,122.0,0.0
556,15,3,1035.0,0.05
556,2,1,439.0,0.0
557,48,1,506.0,0.1
557,22,1,1353.0,0.0
557,42,2,468.0,0.2
558,4,2,64.0,0.05
558,15,1,1035.0,0.1
558,9,1,969.0,0.1
559,48,1,506.0,0.0
559,3,3,1619.0,0.0
559,10,1,1425.0,0.0
559,15,3,1035.0,0.05
560,6,2,1584.0,0.0
560,16,1,1159.0,0.0
560,19,3,528.0,0.0
561,20,3,273.0,0.05
561,8,2,1346.0,0.0
561,37,1,1225.0,0.0
561,9,2,969.0,0.0
562,10,3,1425.0,0.0
562,37,2,1225.0,0.2
562,2,2,439.0,0.0
563,39,3,727.0,0.0
563,47,3,117.0,0.05
563,47,3,117.0,0.1
564,18,1,322.0,0.05
565,14,1,944.0,0.1
565,24,1,968.0,0.2
565,39,1,727.0,0.0
565,19,3,528.0,0.1
566,42,2,468.0,0.05
566,18,2,322.0,0.0
567,45,1,1985.0,0.2
567,31,2,1152.0,0.0
567,1,2,1673.0,0.0
567,7,1,1571.0,0.05
568,37,1,1225.0,0.1
568,3,1,1619.0,0.0
568,40,3,901.0,0.0
568,26,2,1152.0,0.0
569,35,1,1600.0,0.0
569,7,1,1571.0,0.05
569,23,2,1326.0,0.0
569,50,1,163.0,0.0
569,1,3,1673.0,0.1
570,41,1,1966.0,0.0
570,32,3,1129.0,0.0
570,46,2,1714.0,0.0
570,42,1,468.0,0.1
570,18,1,322.0,0.2
571,13,3,1133.0,0.05
571,9,2,969.0,0.05
571,6,2,1584.0,0.0
572,40,1,901.0,0.0
572,30,2,1287.0,0.0
572,27,3,204.0,0.0
572,17,1,122.0,0.0
572,50,2,163.0,0.0
573,15,1,1035.0,0.0
573,23,3,1326.0,0.0
573,43,3,589.0,0.0
574,41,3,1966.0,0.1
574,18,3,322.0,0.0
574,26,2,1152.0,0.1
574,42,2,468.0,0.05
574,15,2,1035.0,0.0
575,1,2,1673.0,0.05
575,3,2,1619.0,0.0
575,3,3,1619.0,0.05
576,49,1,1652.0,0.0
576,31,1,1152.0,0.05
577,17,2,122.0,0.0
577,34,1,1140.0,0.0
577,47,2,117.0,0.0
578,31,2,1152.0,0.0
578,37,1,1225.0,0.1
579,43,1,589.0,0.0
579,6,3,1584.0,0.05
579,12,3,1572.0,0.1
579,24,3,968.0,0.0
579,30,1,1287.0,0.1
580,29,1,1170.0,0.0
580,15,3,1035.0,0.0
581,29,1,1170.0,0.05
581,13,2,1133.0,0.2
581,2,2,439.0,0.05
582,4,1,64.0,0.2
582,45,2,1985.0,0.05
582,28,1,1541.0,0.05
583,23,3,1326.0,0.0
584,12,1,1572.0,0.1
584,23,3,1326.0,0.0
584,31,2,1152.0,0.0
584,23,2,1326.0,0.05
584,33,3,226.0,0.05
585,33,1,226.0,0.0
586,43,1,589.0,0.05
587,3,1,1619.0,0.0
587,29,1,1170.0,0.1
587,40,1,901.0,0.05
588,42,1,468.0,0.0
588,15,1,1035.0,0.1
588,7,2,1571.0,0.05
589,46,3,1714.0,0.0
589,40,3,901.0,0.0
589,38,2,110.0,0.05
589,1,1,1673.0,0.0
590,18,2,322.0,0.1
590,49,2,1652.0,0.1
590,35,2,1600.0,0.05
590,12,2,1572.0,0.2
590,30,1,1287.0,0.05
591,44,2,846.0,0.0
591,19,3,528.0,0.0
591,30,3,1287.0,0.0
591,1,2,1673.0,0.1
591,10,1,1425.0,0.05
592,28,3,1541.0,0.1
592,1,1,1673.0,0.0
592,30,3,1287.0,0.1
593,5,3,1603.0,0.1
594,23,3,1326.0,0.0
594,32,2,1129.0,0.1
594,45,2,1985.0,0.2
594,49,3,1652.0,0.0
594,21,1,907.0,0.1
595,6,3,1584.0,0.0
595,39,1,727.0,0.1
595,4,3,64.0,0.1
595,41,3,1966.0,0.0
595,33,2,226.0,0.0
596,7,3,1571.0,0.1
596,38,1,110.0,0.2
596,46,2,1714.0,0.05
596,4,3,64.0,0.0
596,12,3,1572.0,0.05
597,26,1,1152.0,0.0
597,47,3,117.0,0.2
597,3,3,1619.0,0.0
597,38,2,110.0,0.1
598,31,1,1152.0,0.0
598,8,2,1346.0,0.0
599,18,3,322.0,0.2
599,42,2,468.0,0.0
599,48,2,506.0,0.05
599,33,2,226.0,0.1
599,41,3,1966.0,0.1
600,12,2,1572.0,0.1
600,2,3,439.0,0.1
601,50,1,163.0,0.1
601,24,2,968.0,0.1
601,13,3,1133.0,0.1
601,44,3,846.0,0.0
601,41,3,1966.0,0.05
602,45,3,1985.0,0.05
603,29,2,1170.0,0.0
603,40,2,901.0,0.1
603,37,2,1225.0,0.05
603,17,3,122.0,0.1
604,38,3,110.0,0.0
604,26,2,1152.0,0.1
605,13,1,1133.0,0.0
605,17,2,122.0,0.0
605,26,3,1152.0,0.1
605,24,3,968.0,0.0
606,37,1,1225.0,0.05
606,26,3,1152.0,0.05
606,45,1,1985.0,0.0
606,17,2,122.0,0.05
607,26,3,1152.0,0.0
607,24,1,968.0,0.0
607,19,2,528.0,0.05
607,14,1,944.0,0.1
607,24,3,968.0,0.0
608,50,3,163.0,0.0
608,44,3,846.0,0.0
608,13,2,1133.0,0.05
608,42,2,468.0,0.05
609,29,1,1170.0,0.05
609,35,3,1600.0,0.05
609,29,1,1170.0,0.1
609,24,3,968.0,0.0
610,15,2,1035.0,0.0
610,6,1,1584.0,0.0
610,9,2,969.0,0.0
611,11,1,590.0,0.0
611,25,3,1717.0,0.2
612,24,1,968.0,0.1
612,49,1,1652.0,0.2
613,27,1,204.0,0.1
613,15,1,1035.0,0.1
613,23,2,1326.0,0.0
613,11,3,590.0,0.0
613,36,1,642.0,0.1
614,32,1,1129.0,0.0
614,32,3,1129.0,0.2
614,7,2,1571.0,0.05
615,28,2,1541.0,0.1
615,45,3,1985.0,0.1
616,1,1,1673.0,0.0
616,38,1,110.0,0.0
616,29,2,1170.0,0.1
616,41,2,1966.0,0.0
617,16,2,1159.0,0.0
617,13,1,1133.0,0.0
617,28,2,1541.0,0.05
617,20,3,273.0,0.05
617,42,2,468.0,0.0
618,24,1,968.0,0.0
619,33,3,226.0,0.0
619,18,2,322.0,0.0
619,23,2,1326.0,0.05
619,22,3,1353.0,0.0
620,44,1,846.0,0.0
620,50,2,163.0,0.0
621,7,1,1571.0,0.05
621,31,3,1152.0,0.0
621,20,1,273.0,0.05
621,24,3,968.0,0.2
622,18,3,322.0,0.05
622,9,3,969.0,0.05
623,32,3,1129.0,0.0
623,29,1,1170.0,0.0
624,6,2,1584.0,0.2
624,35,2,1600.0,0.05
624,46,1,1714.0,0.05
624,19,3,528.0,0.1
625,6,2,1584.0,0.0
626,31,2,1152.0,0.1
626,19,3,528.0,0.1
626,20,3,273.0,0.1
627,7,3,1571.0,0.0
627,3,2,1619.0,0.1
627,42,3,468.0,0.2
628,33,3,226.0,0.1
629,47,1,117.0,0.0
629,9,1,969.0,0.0
629,23,1,1326.0,0.2
630,9,1,969.0,0.0
630,42,2,468.0,0.0
630,40,1,901.0,0.1
630,42,3,468.0,0.05
630,24,2,968.0,0.0
631,26,3,1152.0,0.05
631,22,1,1353.0,0.0
631,43,1,589.0,0.0
632,12,3,1572.0,0.1
632,38,2,110.0,0.0
632,15,1,1035.0,0.0
633,40,1,901.0,0.0
633,30,1,1287.0,0.2
633,4,1,64.0,0.0
634,27,3,204.0,0.0
635,4,1,64.0,0.0
635,6,2,1584.0,0.0
635,48,1,506.0,0.1
635,27,2,204.0,0.0
635,43,2,589.0,0.1
636,31,1,1152.0,0.2
637,27,1,204.0,0.0
638,28,3,1541.0,0.1
639,49,1,1652.0,0.0
639,7,3,1571.0,0.0
640,48,2,506.0,0.1
640,21,2,907.0,0.0
641,12,1,1572.0,0.0
642,4,1,64.0,0.0
642,16,3,1159.0,0.05
642,1,1,1673.0,0.0
642,6,1,1584.0,0.1
642,33,1,226.0,0.0
643,10,3,1425.0,0.0
643,10,3,1425.0,0.0
643,10,3,1425.0,0.05
643,5,1,1603.0,0.05
644,46,3,1714.0,0.1
644,37,1,1225.0,0.0
644,37,3,1225.0,0.0
644,15,1,1035.0,0.0
645,16,3,1159.0,0.05
646,29,1,1170.0,0.05
647,18,1,322.0,0.2
647,35,2,1600.0,0.0
647,22,3,1353.0,0.0
647,22,1,1353.0,0.1
647,50,2,163.0,0.0
648,49,2,1652.0,0.1
649,37,1,1225.0,0.0
650,3,3,1619.0,0.0
650,44,1,846.0,0.0
650,39,1,727.0,0.0
650,24,3,968.0,0.0
651,22,2,1353.0,0.05
651,25,1,1717.0,0.0
651,43,3,589.0,0.0
652,43,2,589.0,0.1
653,46,1,1714.0,0.0
653,34,2,1140.0,0.05
653,19,1,528.0,0.0
654,29,1,1170.0,0.05
654,8,2,1346.0,0.0
655,46,3,1714.0,0.1
655,25,3,1717.0,0.0
655,12,1,1572.0,0.0
656,49,2,1652.0,0.0
656,22,1,1353.0,0.1
656,8,1,1346.0,0.0
657,31,1,1152.0,0.1
657,19,1,528.0,0.0
658,30,3,1287.0,0.05
658,42,1,468.0,0.0
658,36,1,642.0,0.1
658,23,1,1326.0,0.0
658,23,3,1326.0,0.0
659,41,2,1966.0,0.0
660,41,1,1966.0,0.0
660,20,3,273.0,0.0
660,33,2,226.0,0.1
661,14,3,944.0,0.0
661,20,3,273.0,0.05
661,42,3,468.0,0.2
661,26,1,1152.0,0.1
662,43,3,589.0,0.2
662,33,1,226.0,0.1
662,16,3,1159.0,0.05
662,39,1,727.0,0.2
662,41,1,1966.0,0.0
663,37,3,1225.0,0.05
663,5,2,1603.0,0.0
664,43,1,589.0,0.0
664,48,1,506.0,0.05
665,45,2,1985.0,0.05
665,50,1,163.0,0.0
665,37,3,1225.0,0.0
665,31,2,1152.0,0.0
666,21,1,907.0,0.0
666,13,1,1133.0,0.05
667,44,2,846.0,0.0
667,29,2,1170.0,0.0
667,30,3,1287.0,0.1
667,50,3,163.0,0.1
668,49,3,1652.0,0.1
668,26,2,1152.0,0.05
668,46,3,1714.0,0.2
668,6,3,1584.0,0.0
669,22,3,1353.0,0.05
669,42,2,468.0,0.0
670,7,3,1571.0,0.0
670,44,2,846.0,0.0
670,22,2,1353.0,0.1
671,16,3,1159.0,0.1
672,34,3,1140.0,0.0
672,42,2,468.0,0.1
673,38,2,110.0,0.1
673,9,2,969.0,0.0
673,14,3,944.0,0.0
674,50,1,163.0,0.0
674,19,2,528.0,0.1
674,24,3,968.0,0.0
674,2,2,439.0,0.1
675,1,1,1673.0,0.0
676,11,2,590.0,0.0
677,27,2,204.0,0.2
677,27,2,204.0,0.0
677,5,2,1603.0,0.0
677,6,3,1584.0,0.05
678,40,1,901.0,0.0
678,5,1,1603.0,0.0
678,6,1,1584.0,0.0
679,6,2,1584.0,0.05
679,46,2,1714.0,0.05
680,13,2,1133.0,0.0
680,35,3,1600.0,0.1
680,41,3,1966.0,0.0
680,1,1,1673.0,0.05
680,26,2,1152.0,0.05
681,47,2,117.0,0.0
681,14,3,944.0,0.1
682,5,3,1603.0,0.0
682,8,3,1346.0,0.1
682,36,1,642.0,0.05
683,37,2,1225.0,0.1
683,48,3,506.0,0.05
683,21,3,907.0,0.05
683,50,2,163.0,0.0
683,6,3,1584.0,0.0
684,35,3,1600.0,0.0
684,50,3,163.0,0.1
685,33,2,226.0,0.2
686,17,3,122.0,0.0
686,17,3,122.0,0.0
686,33,2,226.0,0.0
686,10,2,1425.0,0.05
687,29,2,1170.0,0.1
687,44,1,846.0,0.2
688,45,2,1985.0,0.1
688,1,1,1673.0,0.0
688,11,3,590.0,0.0
689,11,2,590.0,0.2
689,16,1,1159.0,0.0
689,23,3,1326.0,0.0
689,11,1,590.0,0.0
690,12,1,1572.0,0.0
690,22,3,1353.0,0.1
690,39,1,727.0,0.0
691,2,2,439.0,0.1
691,14,3,944.0,0.0
691,8,3,1346.0,0.05
692,2,1,439.0,0.1
692,28,3,1541.0,0.1
692,14,2,944.0,0.1
692,13,3,1133.0,0.0
692,4,1,64.0,0.1
693,12,1,1572.0,0.0
693,23,1,1326.0,0.2
693,6,2,1584.0,0.05
693,22,3,1353.0,0.05
694,35,1,1600.0,0.05
694,27,1,204.0,0.0
695,47,3,117.0,0.2
695,1,3,1673.0,0.1
695,48,2,506.0,0.1
696,29,1,1170.0,0.2
696,43,3,589.0,0.05
697,16,3,1159.0,0.2
697,39,2,727.0,0.0
697,45,1,1985.0,0.0
698,6,3,1584.0,0.0
698,14,3,944.0,0.0
698,37,2,1225.0,0.0
698,44,2,846.0,0.0
698,6,2,1584.0,0.0
699,10,3,1425.0,0.0
700,1,1,1673.0,0.1
700,17,1,122.0,0.0
701,33,2,226.0,0.0
701,30,2,1287.0,0.05
701,35,2,1600.0,0.1
701,4,2,64.0,0.1
701,29,2,1170.0,0.0
702,3,2,1619.0,0.0
702,36,3,642.0,0.0
702,38,2,110.0,0.05
702,5,1,1603.0,0.0
703,38,2,110.0,0.2
703,32,3,1129.0,0.05
704,40,3,901.0,0.1
704,13,2,1133.0,0.0
704,36,3,642.0,0.0
705,40,3,901.0,0.0
705,4,1,64.0,0.1
705,1,2,1673.0,0.0
705,32,2,1129.0,0.0
706,22,3,1353.0,0.0
706,45,1,1985.0,0.05
707,2,3,439.0,0.0
707,16,2,1159.0,0.2
707,41,3,1966.0,0.05
708,3,1,1619.0,0.1
708,45,2,1985.0,0.0
708,23,3,1326.0,0.0
708,18,2,322.0,0.05
709,49,1,1652.0,0.0
709,7,3,1571.0,0.0
709,25,2,1717.0,0.05
710,31,3,1152.0,0.0
711,42,2,468.0,0.1
711,37,2,1225.0,0.0
712,21,1,907.0,0.0
712,7,1,1571.0,0.0
713,4,2,64.0,0.1
713,28,2,1541.0,0.1
713,11,3,590.0,0.0
713,31,3,1152.0,0.0
714,17,1,122.0,0.0
714,30,1,1287.0,0.0
715,5,2,1603.0,0.0
715,6,3,1584.0,0.0
715,22,1,1353.0,0.1
715,30,3,1287.0,0.0
716,45,1,1985.0,0.0
716,21,3,907.0,0.05
717,33,1,226.0,0.05
717,2,3,439.0,0.0
717,25,3,1717.0,0.0
717,2,2,439.0,0.05
718,26,2,1152.0,0.0
719,37,1,1225.0,0.0
719,20,2,273.0,0.0
719,31,2,1152.0,0.05
720,38,1,110.0,0.0
720,43,3,589.0,0.1
720,17,2,122.0,0.05
720,30,1,1287.0,0.1
721,48,1,506.0,0.0
721,16,2,1159.0,0.0
721,43,2,589.0,0.1
722,48,3,506.0,0.1
723,17,1,122.0,0.05
724,30,1,1287.0,0.0
724,2,3,439.0,0.05
724,50,3,163.0,0.0
724,24,1,968.0,0.05
725,37,2,1225.0,0.1
725,38,2,110.0,0.05
725,7,1,1571.0,0.2
725,14,2,944.0,0.0
725,14,1,944.0,0.05
726,26,3,1152.0,0.1
726,8,2,1346.0,0.05
726,40,1,901.0,0.0
726,4,2,64.0,0.0
727,29,3,1170.0,0.0
727,17,1,122.0,0.0
728,12,1,1572.0,0.0
728,42,3,468.0,0.0
729,18,1,322.0,0.0
729,26,2,1152.0,0.05
730,16,2,1159.0,0.0
730,8,1,1346.0,0.05
730,48,1,506.0,0.0
731,44,2,846.0,0.0
732,48,3,506.0,0.0
732,22,3,1353.0,0.05
732,31,1,1152.0,0.0
732,32,3,1129.0,0.0
733,42,3,468.0,0.0
734,39,2,727.0,0.05
734,42,1,468.0,0.0
735,41,3,1966.0,0.0
735,50,2,163.0,0.05
735,38,2,110.0,0.1
735,34,1,1140.0,0.1
735,38,3,110.0,0.05
736,31,3,1152.0,0.1
736,30,2,1287.0,0.05
736,28,2,1541.0,0.0
737,16,1,1159.0,0.0
738,35,3,1600.0,0.1
738,33,1,226.0,0.05
739,14,3,944.0,0.0
739,26,2,1152.0,0.05
740,37,3,1225.0,0.1
740,36,3,642.0,0.05
740,45,3,1985.0,0.0
740,49,3,1652.0,0.1
740,32,1,1129.0,0.0
741,13,3,1133.0,0.0
741,17,1,122.0,0.05
742,12,2,1572.0,0.0
742,27,2,204.0,0.05
742,37,3,1225.0,0.0
743,29,3,1170.0,0.1
743,2,3,439.0,0.1
744,14,2,944.0,0.0
744,39,3,727.0,0.05
744,32,3,1129.0,0.0
745,4,1,64.0,0.2
746,42,3,468.0,0.0
747,38,1,110.0,0.05
747,46,1,1714.0,0.1
748,6,1,1584.0,0.0
748,29,2,1170.0,0.0
748,46,3,1714.0,0.0
748,20,3,273.0,0.0
748,42,3,468.0,0.0
749,28,2,1541.0,0.2
750,6,1,1584.0,0.05
750,27,1,204.0,0.05
750,13,3,1133.0,0.0
751,23,1,1326.0,0.0
751,26,2,1152.0,0.0
752,47,1,117.0,0.0
752,34,2,1140.0,0.0
753,8,2,1346.0,0.0
753,21,2,907.0,0.0
753,49,3,1652.0,0.0
753,27,2,204.0,0.0
753,2,1,439.0,0.0
754,16,2,1159.0,0.0
754,44,1,846.0,0.0
754,8,1,1346.0,0.0
755,22,1,1353.0,0.05
755,36,3,642.0,0.0
756,20,2,273.0,0.0
756,23,3,1326.0,0.0
756,15,3,1035.0,0.1
756,13,3,1133.0,0.1
757,38,1,110.0,0.0
757,38,1,110.0,0.0
757,10,2,1425.0,0.05
757,24,2,968.0,0.1
758,31,2,1152.0,0.0
758,4,1,64.0,0.0
759,43,1,589.0,0.0
759,18,1,322.0,0.05
759,50,2,163.0,0.0
760,30,3,1287.0,0.05
760,34,3,1140.0,0.1
760,41,2,1966.0,0.05
761,39,2,727.0,0.0
761,15,3,1035.0,0.1
761,11,1,590.0,0.2
761,44,1,846.0,0.0
762,23,2,1326.0,0.0
762,34,3,1140.0,0.0
762,22,2,1353.0,0.0
762,34,2,1140.0,0.1
762,12,3,1572.0,0.0
763,40,3,901.0,0.1
764,31,1,1152.0,0.1
764,28,1,1541.0,0.05
765,43,3,589.0,0.0
765,48,1,506.0,0.05
766,22,3,1353.0,0.2
766,4,2,64.0,0.1
766,33,1,226.0,0.05
767,28,1,1541.0,0.05
767,37,3,1225.0,0.0
768,50,3,163.0,0.0
768,23,1,1326.0,0.0
768,20,3,273.0,0.0
768,12,1,1572.0,0.0
768,50,1,163.0,0.0
769,24,1,968.0,0.05
769,4,2,64.0,0.1
769,16,3,1159.0,0.0
770,5,2,1603.0,0.0
770,44,1,846.0,0.2
770,44,2,846.0,0.0
770,31,2,1152.0,0.0
771,26,3,1152.0,0.05
771,40,3,901.0,0.1
771,31,3,1152.0,0.05
772,13,1,1133.0,0.0
773,33,3,226.0,0.0
773,6,1,1584.0,0.0
773,16,3,1159.0,0.0
774,33,2,226.0,0.05
775,32,3,1129.0,0.1
775,25,3,1717.0,0.0
775,29,2,1170.0,0.1
776,44,1,846.0,0.1
777,26,2,1152.0,0.1
777,18,2,322.0,0.05
777,31,1,1152.0,0.0
778,3,3,1619.0,0.1
778,45,3,1985.0,0.0
779,17,1,122.0,0.2
779,32,3,1129.0,0.1
779,18,2,322.0,0.0
779,46,3,1714.0,0.1
779,12,1,1572.0,0.0
780,24,3,968.0,0.1
780,3,1,1619.0,0.0
780,39,1,727.0,0.2
780,9,3,969.0,0.1
781,10,2,1425.0,0.0
782,33,2,226.0,0.05
782,50,1,163.0,0.2
782,4,2,64.0,0.0
783,47,2,117.0,0.05
783,41,2,1966.0,0.0
783,41,3,1966.0,0.0
783,9,2,969.0,0.0
783,28,1,1541.0,0.0
784,9,3,969.0,0.2
784,44,1,846.0,0.0
784,23,1,1326.0,0.0
785,28,2,1541.0,0.2
785,20,2,273.0,0.0
785,32,2,1129.0,0.0
785,5,3,1603.0,0.0
786,46,1,1714.0,0.0
786,33,1,226.0,0.2
786,7,1,1571.0,0.0
786,28,2,1541.0,0.0
786,44,2,846.0,0.05
787,14,1,944.0,0.0
787,7,2,1571.0,0.2
787,8,3,1346.0,0.0
788,8,1,1346.0,0.05
788,14,2,944.0,0.1
789,22,1,1353.0,0.0
789,48,1,506.0,0.1
789,22,3,1353.0,0.2
789,25,1,1717.0,0.1
789,44,2,846.0,0.1
790,48,3,506.0,0.0
791,32,3,1129.0,0.0
791,27,1,204.0,0.1
792,2,2,439.0,0.0
792,12,1,1572.0,0.0
792,1,1,1673.0,0.1
793,16,2,1159.0,0.1
793,50,3,163.0,0.0
793,27,1,204.0,0.05
793,17,1,122.0,0.0
794,46,2,1714.0,0.0
794,41,3,1966.0,0.1
794,37,1,1225.0,0.05
795,11,1,590.0,0.0
795,44,1,846.0,0.0
795,5,2,1603.0,0.0
796,35,3,1600.0,0.0
797,42,2,468.0,0.1
797,33,2,226.0,0.0
797,7,2,1571.0,0.0
797,22,2,1353.0,0.0
797,18,2,322.0,0.1
798,37,1,1225.0,0.0
798,37,2,1225.0,0.05
798,19,2,528.0,0.0
798,18,2,322.0,0.0
799,37,3,1225.0,0.05
799,26,3,1152.0,0.1
799,43,1,589.0,0.05
799,28,2,1541.0,0.05
800,48,2,506.0,0.0
800,1,1,1673.0,0.1
800,10,1,1425.0,0.0
801,41,2,1966.0,0.0
801,23,2,1326.0,0.0
802,27,2,204.0,0.2
802,2,2,439.0,0.1
802,19,1,528.0,0.1
802,20,1,273.0,0.0
802,24,1,968.0,0.0
803,39,1,727.0,0.1
803,6,3,1584.0,0.0
804,2,1,439.0,0.1
804,26,2,1152.0,0.0
804,10,3,1425.0,0.1
805,38,2,110.0,0.05
805,7,2,1571.0,0.05
805,16,1,1159.0,0.05
805,24,3,968.0,0.05
805,3,3,1619.0,0.05
806,3,2,1619.0,0.0
806,18,3,322.0,0.0
806,9,1,969.0,0.1
806,12,3,1572.0,0.0
806,39,3,727.0,0.0
807,13,2,1133.0,0.2
808,7,1,1571.0,0.2
809,13,3,1133.0,0.05
809,46,1,1714.0,0.05
809,14,1,944.0,0.0
809,34,1,1140.0,0.1
810,32,3,1129.0,0.2
810,2,1,439.0,0.0
811,46,1,1714.0,0.0
811,15,1,1035.0,0.0
811,22,3,1353.0,0.0
811,45,2,1985.0,0.2
811,32,2,1129.0,0.05
812,18,1,322.0,0.2
812,1,2,1673.0,0.0
813,8,1,1346.0,0.1
813,29,1,1170.0,0.1
814,8,2,1346.0,0.05
815,32,3,1129.0,0.1
815,2,3,439.0,0.05
816,26,2,1152.0,0.05
816,2,3,439.0,0.2
816,2,2,439.0,0.05
816,22,3,1353.0,0.2
817,17,3,122.0,0.1
817,45,1,1985.0,0.05
818,44,3,846.0,0.0
818,26,3,1152.0,0.1
818,48,3,506.0,0.0
819,7,3,1571.0,0.0
819,21,1,907.0,0.2
819,48,3,506.0,0.1
819,3,2,1619.0,0.1
820,6,3,1584.0,0.0
820,1,3,1673.0,0.05
821,37,3,1225.0,0.0
822,24,1,968.0,0.0
822,49,1,1652.0,0.1
823,27,3,204.0,0.0
823,3,1,1619.0,0.1
823,39,3,727.0,0.0
824,9,3,969.0,0.05
824,35,3,1600.0,0.0
824,31,2,1152.0,0.1
825,27,3,204.0,0.0
825,40,3,901.0,0.0
825,18,2,322.0,0.05
826,46,2,1714.0,0.2
826,49,2,1652.0,0.0
827,42,3,468.0,0.05
827,25,2,1717.0,0.0
827,19,1,528.0,0.0
827,2,2,439.0,0.0
828,16,1,1159.0,0.1
828,11,1,590.0,0.05
828,48,1,506.0,0.05
829,22,3,1353.0,0.0
830,34,1,1140.0,0.1
830,22,3,1353.0,0.0
831,2,2,439.0,0.1
832,29,3,1170.0,0.0
833,20,3,273.0,0.0
833,6,3,1584.0,0.0
833,31,3,1152.0,0.0
833,33,1,226.0,0.0
833,17,1,122.0,0.0
834,13,1,1133.0,0.0
834,28,2,1541.0,0.0
834,30,3,1287.0,0.2
